marca,carrera,pr1,pr2,pr3,pr4,pr5,pr6,pr7,pr8,pr9,pr10,pr11,pr12,pr13,pr14,pr15,pr16,pr17,pr18,pr19,pr20,pr21,pr22,pr23,pr24,pr25,pr26,pr27,pr28,pr29,pr30,pr31,pr32,pr33,email,genero,semestre,promedio,generoNum,carreraNum,semestreNum,promedioNum
4/3/2019 12:28:09,Arquitectura,5,5,5,5,4,5,5,5,5,5,4,5,5,5,5,5,5,5,5,5,5,5,5,6,5,5,5,5,5,5,5,4,4, ,Hombre,Octavo semestre,de 86 a 90,1,2,8,5
4/3/2019 13:18:53,Bioquímica,4,2,5,6,6,5,4,5,5,5,5,5,5,5,4,5,4,6,3,6,6,4,4,5,5,6,6,6,3,6,6,6,6, ,Mujer,Décimo semestre,de 86 a 90,2,3,10,5
4/3/2019 13:26:18,Eléctrica,4,4,4,3,6,4,6,2,4,6,6,6,6,6,6,6,1,6,6,5,2,2,3,5,2,3,6,5,6,6,3,6,5, ,Hombre,Décimo semestre,de 86 a 90,1,5,10,5
4/3/2019 13:38:54,Electrónica,3,2,1,1,1,1,2,2,2,2,2,2,3,4,5,5,2,2,4,3,2,2,2,4,2,2,3,1,3,3,1,1,1, ,Hombre,Sexto semestre,de 71 a 75,1,6,6,2
4/3/2019 13:39:01,Electrónica,3,2,1,1,1,1,2,2,2,2,2,2,3,4,5,5,2,2,4,3,2,2,2,4,2,2,3,1,3,3,1,1,1, ,Hombre,Sexto semestre,de 71 a 75,1,6,6,2
4/3/2019 13:54:40,Mecatrónica,4,3,4,4,2,2,2,2,3,3,3,3,4,4,4,2,2,1,4,6,6,5,3,4,3,4,3,3,4,4,3,6,4, ,Hombre,Séptimo semestre,de 76 a 80,1,11,7,3
4/3/2019 13:56:00,Mecatrónica,4,3,3,4,3,2,2,3,2,2,2,3,4,5,5,5,5,2,5,5,4,5,6,6,2,2,2,3,3,2,2,2,5, ,Hombre,Onceavo semestre,de 81 a 85,1,11,11,4
4/3/2019 13:57:52,Mecatrónica,4,4,5,5,5,4,5,4,5,6,6,5,6,5,5,5,5,5,6,6,6,6,6,5,4,4,5,5,5,5,5,5,5, ,Hombre,Octavo semestre,de 86 a 90,1,11,8,5
4/3/2019 13:58:17,Electrónica,1,1,1,1,1,1,1,1,1,1,1,1,1,1,1,1,1,1,1,1,1,1,1,1,1,1,1,1,1,1,1,1,1, ,Hombre,Quinto semestre,de 91 a 95,1,6,5,6
4/3/2019 14:06:04,Electrónica,4,1,1,1,1,1,1,1,1,1,1,1,6,1,4,2,6,4,5,2,1,1,1,1,1,1,5,2,2,5,6,6,6, ,Hombre,Octavo semestre,de 86 a 90,1,6,8,5
4/3/2019 14:15:15,Electrónica,4,4,5,5,5,5,5,5,5,5,5,5,5,5,5,5, ,5,5,5,2,5,3,5,5,5,5,5,5,5,5,5,5, ,Hombre,Quinto semestre,de 91 a 95,1,6,5,6
4/3/2019 14:26:44,Mecatrónica,5,5,4,6,6,5,4,5,5,6,6,6,5,4,5,2,2,5,4,5,6,5,6,6,3,3,5,5,4,3,5,6,5, ,Hombre,Doceavo semestre y superior,de 81 a 85,1,11,12,4
4/3/2019 14:27:50,Electrónica,4,5,4,4,4,4,4,3,3,1,3,5,3,3,3,3,3,6,1,3,3,4,1,3,3,3,4,4,6,5,5,4,6, ,Hombre,Sexto semestre,de 81 a 85,1,6,6,4
4/3/2019 14:41:20,Industrial,4,4,4,3,3,4,5,3,3,6,6,5,5,5,5,5,6,6,5,4,6,6,4,5,3,3,6,4,6,6,6,6,6, ,Hombre,Décimo semestre,de 86 a 90,1,8,10,5
4/3/2019 14:51:26,Electrónica,3,3,4,4,4, ,2,2,2,6,6,3,5,6,4,2,6,6,6,5,2,4,3,5,2,5,2,2,2,2,2,4,5, ,Mujer,Décimo semestre,de 86 a 90,2,6,10,5
4/3/2019 15:39:51,Civil,5,5,6, ,5,5,5,5,5,5,5,5,5, ,5,5,5,5,5,5,5,5,5,5,5,5,5,5,5,5,5,5,5, ,Hombre,Doceavo semestre y superior,de 76 a 80,1,4,12,3
4/3/2019 15:50:16,Industrial,4,5,3,4,3,3,4,3,5,4,4,5,4,3,3,3,3,3,4,4,5,4,4,3,3,2,5,4,4,3,3,6,5, ,Hombre,Décimo semestre,de 81 a 85,1,8,10,4
4/3/2019 16:15:53,Electrónica,5,4,2,1,1,3,4,3,4,3,4,2,1,6,6,6,4,5,1,5,1,1,1,5,1,1,4,5,5,5,5,6,5, ,Hombre,Segundo semestre,de 96 a 100,1,6,2,7
4/3/2019 16:49:45,Sistemas Computacionales,5,4,5,5,4,4,5,5,5,6,6,6,5,6,6,5,5,6,6,6,6,6,5,6,1,1,5,5,6,6,5,3,5, ,Mujer,Décimo semestre,de 86 a 90,2,13,10,5
4/3/2019 16:56:18,Administración,4,1,3,3,5,4,4,1,1,4,5,1,1,3,1,1,1,4,5,4,4,1,1,4,1,1,5,3,3,4,4,6,4, ,Mujer,Décimo semestre,de 91 a 95,2,1,10,6
4/3/2019 16:56:23,Sistemas Computacionales,4,3,5,3,5,5,6,2,3,5,5,3,3,5,3,1,1,3,5,6,6,6,6,6,2,1,5,2,5,3,4,6,6, ,Hombre,Décimo semestre,de 81 a 85,1,13,10,4
4/3/2019 16:59:17,Sistemas Computacionales,4,5,3,2,6,2,5,4,3,6,4,4,6,4,3,5,4,6,5,4,1,6,4,6,1,1,5,3,5,5,6,3,5, ,Hombre,Décimo semestre,de 86 a 90,1,13,10,5
4/3/2019 16:59:41,Administración,5,5,3,2,3,3,5,3,4,6,6,6,3,5,4,4,4,5,5,4,1,1,1,4,1,1,4,4,4,4,4,5,2, ,Mujer,Octavo semestre,de 86 a 90,2,1,8,5
4/3/2019 17:03:41,Sistemas Computacionales,5,2,4,3,2,2,2,4,4,6,2,6,4,3,5,4,2,6,3,5,4,4,4,5,3,3,4,4,4,4,5,6,6, ,Hombre,Sexto semestre,de 91 a 95,1,13,6,6
4/3/2019 17:08:15,Sistemas Computacionales,4,3,4,4,4,4,4,4,4,6,6,5,5,5,4,5,5,1,6,5,4,2,5,2,1,1,5,6,6,6,4,6,5, ,Hombre,Décimo semestre,de 81 a 85,1,13,10,4
4/3/2019 17:09:22,Sistemas Computacionales,2,1,3,2,1,1,2,2,1,5,3,1,4,4,3,3,3,3,5,5,1,1,1,1,1,1,3,3,1,2,1,2,1, ,Mujer,Séptimo semestre,de 81 a 85,2,13,7,4
4/3/2019 17:10:02,Sistemas Computacionales,5,5,5,4,5,4,4,5,5,6,6,6,1,5,5,5,5,6,6,5,3,4,6,6,3,3,5,5,5,5,5,5,5, ,Hombre,Sexto semestre,de 91 a 95,1,13,6,6
4/3/2019 17:31:03,Sistemas Computacionales,4,5,5,5,4,5,5,4,5,6,6,6,6,6,6,6,6,6,6,5,5,6,5,5,3,4,4,4,6,6,5,6,5, ,Hombre,Décimo semestre,de 86 a 90,1,13,10,5
4/3/2019 17:57:27,Sistemas Computacionales,5,4,4,3,3,4,4,4,4,6,6,6,6,1,4,5,4,6,6,4,4,3,4,4,1,1,4,5,4,3,5,6,6, ,Hombre,Onceavo semestre,de 86 a 90,1,13,11,5
4/3/2019 18:17:06,Industrial,4,4,4,3,4,3,3,3,4,3,4,3,4,4,4,2,4,4,5,5,5,5,3,3,2,2,4,4,4,4,4,4,5, ,Mujer,Octavo semestre,de 91 a 95,2,8,8,6
4/3/2019 18:22:05,Sistemas Computacionales,5,2,4,1,4,1,5,1,2,5,5,4,4,3,4,2,2,3,5,1,1,1,1,1,1,1,4,4,6,5,5,6,5, ,Mujer,Doceavo semestre y superior,de 81 a 85,2,13,12,4
4/3/2019 18:44:47,Sistemas Computacionales,3,2,2,2,3,3,2,3,3,4,4,4,2,4,4,2,2,3,5,4,1,3,4,4,1,1,3,4,4,4,3,4,6, ,Hombre,Octavo semestre,de 86 a 90,1,13,8,5
4/3/2019 19:17:29,Sistemas Computacionales,3,4,4,3,5,3,3,2,2,6,5,6, ,6,6,6,4,6,5,2,1,5,5,3,3,3,4,3,2,5,6,6,3, ,Hombre,Sexto semestre,de 91 a 95,1,13,6,6
4/3/2019 19:43:20,Electrónica,5,4,4,4,3,3,4,3,4,5,4,5,5,4,5,3,3,6,6,5,4,1,2,3,2,4,4,4,3,5,4,6,5, ,Hombre,Sexto semestre,de 81 a 85,1,6,6,4
4/3/2019 20:16:28,Sistemas Computacionales,4,4,3,1,5,5,5,4,4,6,6,5,5,5,5,5,6,3,6,5,1,2,3,6,1,1,6,6,6,6,6,6,5, ,Hombre,Onceavo semestre,de 81 a 85,1,13,11,4
4/3/2019 20:18:22,Arquitectura,4,3,5,4,5,3,4,5,5,6,6,5,5,5,5,5,6,6,5,3,3,2,2,3,3,3,5,5,6,5,5,6,6, ,Mujer,Sexto semestre,de 91 a 95,2,2,6,6
4/3/2019 20:21:29,Sistemas Computacionales,4,4,4,4,4,4,5,4,3,6,6,6,6,6,5,4,4,6,6,5,4,5,4,4,1,1,4,4,6,4,3,3,4, ,Hombre,Doceavo semestre y superior,de 86 a 90,1,13,12,5
4/3/2019 20:43:37,Mecatrónica,4,3,4,3,5,4,5,4,3,6,6,6,5,6,5,5,6,5,4,5,5,6,6,6,6,5,4,4,5,5,4,6,5, ,Hombre,Décimo semestre,de 86 a 90,1,11,10,5
4/3/2019 21:01:16,Civil,6,6,6,5,6,6,6,6,6,6,6,6,6,6,6,6,6,6,6,5,6,6,4,6,1,1,6,6,6,6,6,6,6, ,Hombre,Noveno semestre,de 81 a 85,1,4,9,4
4/3/2019 23:26:54,Civil,3,2,3,3,5,4,5,4,4,6,6,6,6,3,3,2,6,6,6,5,2,1,3,2,1,1,3,3,6,5,4,6,6, ,Hombre,Décimo semestre,de 81 a 85,1,4,10,4
5/3/2019 0:24:29,Sistemas Computacionales,3, ,3,2,3,3,3,2,2,4,4,4,4,5,5,4,2,3,6,2,3,5,5,5,3,3,3,3,2,2,2,2,2, ,Mujer,Sexto semestre,de 91 a 95,2,13,6,6
5/3/2019 0:40:04,Civil,4,4,5,5,5,5,6,6,5,6,6,6,6,6,6,6,6,6,6,4,4,5,3,4,4,4,4,5,5,3,5,5,4, ,Mujer,Noveno semestre,de 81 a 85,2,4,9,4
5/3/2019 0:41:10,Sistemas Computacionales,3,4,4,4,4,3,4,4,4,5,5,5,5,5,3,5,5,5,5,4,4,5,4,4,3,2,4,4,4,4,4,3,3, ,Hombre,Doceavo semestre y superior,de 86 a 90,1,13,12,5
5/3/2019 1:01:21,Sistemas Computacionales,5,5,4,5,6,6,6,5,5,6,6,5,5,6,5,5,5,5,6,5,5,5,6,6,5,4,5,6,6,6,6,6,6, ,Hombre,Doceavo semestre y superior,de 81 a 85,1,13,12,4
5/3/2019 3:13:54,Electrónica,4,2,1,3,2,1,1,1,2,4,5,1,6,4,6,3,1,4,6,3,1,5,1,2,1,1,2,1,5,2,4,6,4, ,Hombre,Décimo semestre,de 86 a 90,1,6,10,5
5/3/2019 6:14:15,Mecatrónica,2,3,2,3,1,2,4,3,3,5,5,4,5,5,5,5,3,5,5,6,4,4,6,6,3,3,3,3,3,3,2,3,2, ,Hombre,Octavo semestre,de 91 a 95,1,11,8,6
5/3/2019 7:03:24,Sistemas Computacionales,4,4,4,5,5,5,4,5,3,6,6,6,6,5,6,6,4,6,6,4,1,5,5,4,2,2,4,5,5,5,4,6,4, ,Hombre,Octavo semestre,de 86 a 90,1,13,8,5
5/3/2019 7:39:21,Arquitectura,5,5,4,4,5,5,5,5,5,6,6,6,6,6,6,6,6,6,6,5,5,4,3,4,4,4,6,6,6,6,6,6,6, ,Mujer,Décimo semestre,de 86 a 90,2,2,10,5
5/3/2019 8:43:41,Sistemas Computacionales,4,4,5,4,4,4,5,4,5,4,6,5,6,6,5,5,6,6,4,5,6,5,6,5,3,3,5,5,6,6,5,5,5, ,Hombre,Décimo semestre,de 91 a 95,1,13,10,6
5/3/2019 9:01:23,Electrónica,5,5,4,4,5,5,5,5,4,1,5,5,6,4,6,5,5,6,6,6,5,3,2,5,2,4,5,6,6,6,5,5,5, ,Hombre,Doceavo semestre y superior,de 81 a 85,1,6,12,4
5/3/2019 9:30:47,Electrónica,5,4,4,3,6,5,5,4,4,6,6,4,5,5,5,3,3,6,5,2,1,1,1,4,2,1,5,6,5,6,4,6,3, ,Hombre,Décimo semestre,de 86 a 90,1,6,10,5
5/3/2019 11:15:31,Industrial,3,3,3,3,4,4,5,3,4,5,5,5,2,5,3,3,3,3,3,3,4,2,4,2,2,2,4,4,4,4,4,6,3, ,Mujer,Octavo semestre,de 91 a 95,2,8,8,6
5/3/2019 11:15:45,Civil,5,5,5,5,5,5,5,5,5,5,5,5,5,5,5,5,5,5,5,5,5,5,4,5,3,3,5,5,5,5,5,5,5, ,Hombre,Octavo semestre,de 81 a 85,1,4,8,4
5/3/2019 11:39:28,Sistemas Computacionales,4,4,4,1,2,3,4,5,1,6,6,4,6,6,6,5,6,1,6,4,3,2,1,4,1,1,6,2,5,4,2,2,2, ,Mujer,Décimo semestre,de 76 a 80,2,13,10,3
5/3/2019 11:42:54,Mecatrónica,1,2,4,1,1,2,2,1,1,6,6,5,2,4,6,1,1,1,4,6,5,4,5,5,1,1,1,1,1,1,1,1,1, ,Hombre,Décimo semestre,de 81 a 85,1,11,10,4
5/3/2019 12:17:50,Mecánica,5,4,5,5,4,4,5,2,4,5,5,5,5,5,5,5,5,5,5,5,5,5,5,5,4,2,5,4,5,4,5,5,5, ,Hombre,Décimo semestre,de 81 a 85,1,10,10,4
5/3/2019 12:34:47,Mecatrónica,4,2,3,2,4,3,4,3,1,1,3,2,3,5,2,1,5,2,1,4,2,4,5,4,2,1,1,1,2,1,1,2,2, ,Hombre,Octavo semestre,de 86 a 90,1,11,8,5
5/3/2019 12:46:38,Administración,5,5,6,5,5,5,6,5,5,6,6,5,5,6,6,5,5,4,5,1,2,2,1,5,2,2,6,5,5,6,6,5,6, ,Mujer,Octavo semestre,de 86 a 90,2,1,8,5
5/3/2019 13:23:26,Industrial,4,3,4,5,4,4,5,4,4,5,4,4,4,4,4,4,4,4,5,3,4,4,2,1,1,1,5,5,4,5,4,5,4, ,Hombre,Octavo semestre,de 91 a 95,1,8,8,6
5/3/2019 14:17:15,Mecatrónica,4,4,3,3,4,4,4,3,3, , , ,4,4,4,4,4,4,6,5,5,4,5,4,4,4,4,3,4,3,4,5,5, ,Hombre,Décimo semestre,de 81 a 85,1,11,10,4
5/3/2019 14:31:22,Industrial,4,4,5,4,4,3,3,4,3,5,5,5,5,5,3,3,4,3,5,4,4,3,3,3,3,3,5,5,4,4,4,6,5, ,Mujer,Noveno semestre,de 81 a 85,2,8,9,4
5/3/2019 17:11:31,Mecatrónica,4,4,4,5,5,4,4,3,4,4,5,4,5,4,5,5,2,5,5,5,5,5,4,5,4,4,4,4,5,4,4,5,4, ,Hombre,Octavo semestre,de 86 a 90,1,11,8,5
5/3/2019 18:41:12,Electrónica,5,5,5,5,5,5,5,5,5,5,5,5,5,5,5,4,5,5,5,5,4,4,3,3,2,3,5,5,5,5,6,6,6, ,Hombre,Doceavo semestre y superior,de 81 a 85,1,6,12,4
5/3/2019 18:50:13,Mecatrónica,5,4,5,4,4,4,4,4,3,3,3,3,3,3,3,3,2,4,4,3,1,4,3,3,2,3,4,4,4,4,4,5,5, ,Mujer,Octavo semestre,de 91 a 95,2,11,8,6
5/3/2019 19:12:20,Administración,5,5,5,4,5,4,4,4,5,6,5,6,5,5,5,5,5,5,5,4,4,2,3,4,1,1,5,5,5,5,5,5,5, ,Mujer,Octavo semestre,de 91 a 95,2,1,8,6
5/3/2019 21:46:01,Electrónica,4,3,3,3,4,3,5,3,3,5,5,5,5,5,5,4,4,5,5,4,4,1,2,5,2,4,4,4,5,3,4,6,4, ,Hombre,Octavo semestre,de 86 a 90,1,6,8,5
5/3/2019 21:53:36,Mecatrónica,2,3,5,1,2,2,2,2,3,6,5,5,6,6,6,5,4,2,6,5,4,5,4,5,4,2,4,4,4,2,2,5,2, ,Hombre,Décimo semestre,de 91 a 95,1,11,10,6
5/3/2019 22:07:47,Arquitectura,4,4,5,3,5,5,4,5,5,6,6,5,5,6,6,5,6,5,4,4,4,4,4,4,3,3,6,5,6,5,4,5,5, ,Mujer,Décimo semestre,de 81 a 85,2,2,10,4
5/3/2019 22:41:32,Eléctrica,5,5,4,4,5,4,4,4,4,6,6,5,1,3,3,4,1,5,3,4,4,5, ,4,3,2,3,3,3,5,6,5,5, ,Hombre,Octavo semestre,de 81 a 85,1,5,8,4
6/3/2019 9:18:52,Química,6,4,6,6,4,4,5,6,6,6,6,3,6,6,1,2,6,4,6,4,3,1,1,5,1,1,6,6,6,6,6,6,6, ,Mujer,Doceavo semestre y superior,de 76 a 80,2,12,12,3
6/3/2019 9:25:22,Mecánica,4,2,4,3,4,4,5,2,4,6,6,6,6,6,5,5,5,6,6,5,5,5,5,4,2,2,5,5,5,4,5,6,4, ,Hombre,Décimo semestre,de 81 a 85,1,10,10,4
6/3/2019 9:26:01,Gestión Empresarial,5,5,5,4,3,4,4,4,5,4,5,2,4,3,4,2,4,5,5,4,2,2,1,2,1,1,3,4,4,4,4,6,5, ,Mujer,Décimo semestre,de 86 a 90,2,7,10,5
6/3/2019 9:25:45,Informática,4,4,4,1,3,3,3,4,3,4,1,2,4,3,4,3,4,4,1,3,1,3,3,3,3,2,3,6,3,5,4,4,4, ,Hombre,Octavo semestre,de 91 a 95,1,9,8,6
6/3/2019 9:29:00,Mecatrónica,4,4,3,3,5,5,6,5,4,6,6,6,6,6,6,6,6,6,6,6,4,4,3,2,1,1,5,5,6,5,5,5,3, ,Mujer,Onceavo semestre,de 81 a 85,2,11,11,4
6/3/2019 9:31:05,Mecánica,5,5,5,5,5,5,5,3,5,6,6,5,6,6,6,6,4,6,6,5,6,6,4,6,3,3,6,6,6,6,6,6,6, ,Hombre,Doceavo semestre y superior,de 81 a 85,1,10,12,4
6/3/2019 9:36:40,Informática,3,2,4,2,2,4,5,3,4,6,6,6,6,6,6,6,6,6,6,4,3,4,1,2,1,1,6,4,5,5,5,6,6, ,Mujer,Doceavo semestre y superior,de 86 a 90,2,9,12,5
6/3/2019 9:43:30,Administración,4,3,4,3,2,2,2,1,4,6,5,5,2,3,2,1,4,2,5,1,1,1,1,1,1,1,5,1,3,5,5,1,3, ,Mujer,Sexto semestre,de 81 a 85,2,1,6,4
6/3/2019 9:43:41,Bioquímica,3,3,3,3,3,3,3,3,3,3,5,5,5,5,5,5,5,5,3,2,2,2,2,5,2,2,4,3,5,3,4,6,4, ,Hombre,Onceavo semestre,de 76 a 80,1,3,11,3
6/3/2019 9:55:32,Administración,4,3,4,4,3,3,5,4,4,5,5,6,5,5,5,5,4,6,5,4,2,1,1,3,1,1,3,2,1,1,3,6,6, ,Hombre,Cuarto semestre,de 96 a 100,1,1,4,7
6/3/2019 10:09:13,Química,5,4,5,5,6,6,6,6,5,6,6,4,6,6,6,5,3,6,5,3,3,4,3,3,1,1,5,4,6,4,4,5,4, ,Mujer,Sexto semestre,de 91 a 95,2,12,6,6
6/3/2019 10:53:48,Informática,3,3,3,2,1,2,2,2,2,5,5,6,6,6,6,6,6,6,6,5,2,2,4,3,2,2,3,2,4,2,1,1,3, ,Hombre,Segundo semestre,Menos de 70,1,9,2,1
6/3/2019 11:03:36,Industrial,6,6,6,5,5,5,5,5,5,6,6,6,6,6,6,5,6,6,5,6,5,6,6,6,4,5,6,6,6,6,6,6,6, ,Mujer,Noveno semestre,de 81 a 85,2,8,9,4
6/3/2019 11:08:20,Química,3,2,2,1,1,1,2,1,1,5,5,6,5,5,4,4,4,4,4,3,1,2,1,1,1,1,1,2,2,1,1,2,1, ,Hombre,Octavo semestre,de 86 a 90,1,12,8,5
6/3/2019 11:15:02,Civil,5,5,5,4,4,3,3,3,4,6,6,6,6,6,6,5,6,6,5,5,5,2,2,6,1,1,5,6,6,6,6,6,6, ,Hombre,Décimo semestre,de 81 a 85,1,4,10,4
6/3/2019 11:23:01,Química,5,4,5,4,5,5,5,4,5,5,6,6,5,5,5,4,6,5,5,5,5,5,4,5,4,2,5,5,5,5,5,6,5, ,Hombre,Noveno semestre,de 86 a 90,1,12,9,5
6/3/2019 11:45:55,Informática,4,4,5,4,4,4,4,4,4,6,6,6,5,4,6,5,5,5,6,4,5,5,5,5,3,3,4,4,4,4,4,6,6, ,Hombre,Octavo semestre,de 81 a 85,1,9,8,4
6/3/2019 11:46:17,Mecatrónica,4,4,4,4,3,3,3,4,4,5,5,1,5,4,5,5,4,1,6,6,2,4,3,5,3,3,4,3,4,4,4,5,2, ,Hombre,Onceavo semestre,de 81 a 85,1,11,11,4
6/3/2019 12:10:04,Química,4,5,3,1,4,4,4,5,3,5,5,5,3,2,4,3,3,4,3,3,2,2,1,1,1,2,3,1,1,2,1,1,1, ,Hombre,Octavo semestre,de 81 a 85,1,12,8,4
6/3/2019 14:01:56,Sistemas Computacionales,4,3,2,1,4,2,4,2,3,5,4,4,3,6,4,2,4,5,4,4,4,6,2,3,1,4,4,4,6,2,3,5,2, ,Mujer,Décimo semestre,de 91 a 95,2,13,10,6
6/3/2019 14:41:48,Química,5,3,4,5,5,4,6,5,4,6,5,4,5,5,5,5,5,5,6,6,6,2,4,4,4,5,5,5,5,4,5,6,5, ,Hombre,Octavo semestre,de 86 a 90,1,12,8,5
6/3/2019 14:51:23,Química,3,2,3,4,3,2,3,2,4,3,3,2,4,3,2,1,3,4,4,4,4,3,2,4,2,2,4,3,4,4,3,4,2, ,Mujer,Noveno semestre,de 86 a 90,2,12,9,5
6/3/2019 15:13:28,Administración,3,3,2,3,4,2,2,2,4,5,5,4,5,5,5,5,5,5,5,3,2,2,1,4,1,1,4,3,4,4,3,4,3, ,Mujer,Décimo semestre,de 81 a 85,2,1,10,4
6/3/2019 17:12:18,Sistemas Computacionales,3,3,3,3,4,3,4,2,2,4,3,4,5,4,3,3,2,5,5,4,3,4,3,4,2,2,4,3,3,3,2,3,2, ,Hombre,Décimo semestre,de 86 a 90,1,13,10,5
6/3/2019 17:33:32,Informática,4,3,4,4,4,4,4,4,4,5,5,5,5,5,5,5,5,4,5,5,2,5,5,5,5,5,5,5,5,5,5,6,5, ,Hombre,Cuarto semestre,de 81 a 85,1,9,4,4
6/3/2019 17:45:47,Informática,5,4,6,4,6,4,6,4,6,6,6,6,6,6,6,6,6,6,6,3,2,4,6,6,4,4,6,6,6,5,5,6,6, ,Mujer,Cuarto semestre,de 76 a 80,2,9,4,3
6/3/2019 17:58:19,Química,4,3,5,5,5,4,5,5,4,6,6,6,4,5,6,5,5,6,6,4,4,4,3,4,4,4,5,5,5,5,5,6,6, ,Mujer,Séptimo semestre,de 81 a 85,2,12,7,4
6/3/2019 18:48:39,Gestión Empresarial,4,4,4,3,5,4,5,4,4,5,5,3,4,3,3,2,2,4,4,4,3,3,3,3,2,1,4,4,4,4,5,6,5, ,Mujer,Onceavo semestre,de 81 a 85,2,7,11,4
6/3/2019 19:07:27,Bioquímica,5,5,5,4,5,5,5,5,5,5,5,5,5,5,5,5,5,5,5,5,5,5,5,5,5,5,5,6,5,5,5,5,5, ,Mujer,Onceavo semestre,de 76 a 80,2,3,11,3
6/3/2019 20:50:58,Química,4,1,5,4,2,2,3,4,3,6,3,3,1,3,4,4,3,3,6,2,1,1,1,1,1,1,5,4,4,2,4,6,4, ,Mujer,Octavo semestre,de 86 a 90,2,12,8,5
6/3/2019 21:06:24,Química,5,5,5,5,6,5,5,6,5,6,6,5,6,6,6,6,6,6,5,4,4,4,4,5,4,3,5,5,5,5,5,6,6, ,Mujer,Sexto semestre,de 86 a 90,2,12,6,5
6/3/2019 21:27:27,Química,5,5,5,5,6,4,6,5,5,6,6,5,3,5,6,4,4,6,5,5,5,5,4,5,5,5,5,5,6,4,5,6,6, ,Hombre,Sexto semestre,de 91 a 95,1,12,6,6
6/3/2019 21:36:43,Sistemas Computacionales,5,4,3,3,4,5,3,4,3,4,3,6,6,6,6,4,4,6,5,5,3,5,4,5,4,4,5,4,5,5,5,6,3, ,Mujer,Doceavo semestre y superior,de 71 a 75,2,13,12,2
6/3/2019 23:19:51,Sistemas Computacionales,3,4,4,2,3,3,3,3,2,5,5,2,5,4,3,2,2,3,4,4,4,4,2,3,2,3,4,3,4,3,3,3,3, ,Mujer,Quinto semestre,de 81 a 85,2,13,5,4
7/3/2019 1:24:56,Mecatrónica,2,2,3,3,1,3,4,1,2,6,6,6,6,6,6,6,6,6,6,5,6,6,4,6,1,1,4,2,4,2,3,4,1, ,Hombre,Décimo semestre,de 81 a 85,1,11,10,4
7/3/2019 7:23:04,Química,3,1,2,1,3,3,5,2,3,6,6,5,5,2,6,5,5,5,5,4,1,1,1,1,1,1,1,2,3,4,4,6,3, ,Hombre,Onceavo semestre,de 81 a 85,1,12,11,4
7/3/2019 7:45:52,Arquitectura,3,2,4,4,5,3,4,3,4,6,6,6,5,5,5,3,4,6,6,3,3,2,1,2,1,1,5,4,6,5,4,4,4, ,Mujer,Octavo semestre,de 91 a 95,2,2,8,6
7/3/2019 8:20:47,Gestión Empresarial,4,4,4,6,6,2,4,4,4,6,6,1,2,4,4,3,4,2,6,6,6,4,3,2,1,1,6,3,3,3,4,6,3, ,Hombre,Décimo semestre,de 91 a 95,1,7,10,6
7/3/2019 8:25:44,Gestión Empresarial,4,4,4,3,3,3,4,4,5,5,5,4,3,3,4,5,4,4,5,3,2,3,3,2,3,4,5,4,6,4,5,4,4, ,Hombre,Décimo semestre,de 86 a 90,1,7,10,5
7/3/2019 8:36:29,Gestión Empresarial,5,5,4,4,6,5,5,4,6,6,6,6,5,5,5,5,5,5,6,5,4,2,3,6,5,3,5,6,6,6, ,6,6, ,Hombre,Noveno semestre,de 91 a 95,1,7,9,6
7/3/2019 9:49:39,Informática,4,3,3,2,3,3,4,4,3,3,4,3,1,3,3,2,4,6,6,1,1,1,2,3,2,2,3,3,4,2,3,6,5, ,Mujer,Cuarto semestre,de 76 a 80,2,9,4,3
7/3/2019 11:01:25,Gestión Empresarial,4,4,4,4,3,4,4,3,3,4,4,2,3,3,3,2,3,5,4,4,3,3,3,3,2,3,3,2,4,4,4,4,3, ,Mujer,Octavo semestre,de 91 a 95,2,7,8,6
7/3/2019 14:55:39,Gestión Empresarial,6,6,6,4,3,4,3,4,6,6,6,6,6,5,6,6,4,5,6,3,1,4,1,5,1,1,4,5,6,6,6,6,6, ,Mujer,Tercer semestre,de 86 a 90,2,7,3,5
7/3/2019 15:51:33,Gestión Empresarial,5,4,4,5,5,5,5,5,5,5,5,5,6,5,6,6,5,5,5,4,5,5,5, ,5,5,5,5,5,5,5,6,5, ,Hombre,Onceavo semestre,de 81 a 85,1,7,11,4
7/3/2019 21:23:11,Química,5,5,4,5,5,5,5,5,5,5,5,5,5,5,5,5,5,5,5,4,4,4,1,4,4,4,6,6,6,6,6,6,6, ,Hombre,Séptimo semestre,de 81 a 85,1,12,7,4
7/3/2019 22:37:48,Arquitectura,3,4,5,5,6,5,6,5,4,4,6, ,5,6,6,4,5,5,5,6,3,2,2,2,1,1,5,5,6,5,4,6,5, ,Mujer,Quinto semestre,de 86 a 90,2,2,5,5
8/3/2019 4:47:09,Sistemas Computacionales,3,2,4,2,5,3,5,3,3,5,5,5,4,6,6,4,4,6,5,4,5,5,5,5,3,4,5,6,6,6,5,6,6, ,Mujer,Sexto semestre,de 86 a 90,2,13,6,5
8/3/2019 8:44:53,Civil,4,5,5,5,4,2,3,3,4,5,4,5,4,4,3,3,3,5,4,5,5,4,2,3,1,1,5,4,5,5,5,2,1, ,Hombre,Noveno semestre,de 81 a 85,1,4,9,4
8/3/2019 8:58:17,Arquitectura,4,5,5,5,4,4,5,6,5,5,6,4,4,4,4,2,2,5,5,4,4,3,3,3,2,4,5,5,4,5,4,5,6, ,Hombre,Segundo semestre,de 86 a 90,1,2,2,5
8/3/2019 10:06:42,Bioquímica,4,5,5,5,6,5,6,5,5,6,6,6,6,6,6,6,6,6,6,3,3,3,3,3,3,3,5,5,6,5,4,6,6, ,Mujer,Décimo semestre,de 86 a 90,2,3,10,5
8/3/2019 10:16:29,Civil,5,4,4,4,5,4,5,3,5,6,6,6,6,6,5,6,6,6,4,5,6,3,2,4,2,2,4,4,5,4,4,5,5, ,Hombre,Doceavo semestre y superior,de 91 a 95,1,4,12,6
8/3/2019 11:41:45,Química,3,1,3,1,1,2,1,1,1,4,3,3,2,5,4,1,1,3,4,3,1,1,1,1,1,1,3,1,2,1,1,3,2, ,Mujer,Octavo semestre,de 86 a 90,2,12,8,5
8/3/2019 12:04:38,Arquitectura,3,2,6,5,3,1,1,2,2,6,5,3,5,2,6,5,3,6,6,4,3,1,2,2,2,4,4,1,2,4,3,6,2, ,Mujer,Segundo semestre,de 91 a 95,2,2,2,6
8/3/2019 13:15:37,Bioquímica,2,3,4,4,5,4,5,5,5,5,6,6,3,6,3,2,2,6,5,4,2,2,3,4,1,2,5,5,4,4,4,6,4, ,Hombre,Décimo semestre,de 81 a 85,1,3,10,4
8/3/2019 13:45:55,Bioquímica,4,5,5,2,4,5,5,5,5,6,6,6,6,6,6,6,6,6,4,5,6,6,4,3,5,3,5,6,6,6,6,6,6, ,Mujer,Noveno semestre,de 81 a 85,2,3,9,4
8/3/2019 15:06:20,Civil,6,6,6,6,6,6,6,6,6,6,6,6,6,6,6,6,6,6,6,6,6,6,6,6,6,6,6,6,6,6,6,6,6, ,Mujer,Noveno semestre,de 86 a 90,2,4,9,5
8/3/2019 16:01:45,Química,5,5,5,6,6,5,5,5,5,5,6,5,5,5,5,5,6,5,5,6,6,4,3,3,5,5,5,6,5,5,5,5,6, ,Mujer,Doceavo semestre y superior,de 81 a 85,2,12,12,4
8/3/2019 20:14:39,Civil,5,3,4,4,5,4,5,3,4,4,5,2,4,4,4,4,5,5,5,4,3,2,3,4,1,3,4,4,5,4,5,5,3, ,Hombre,Octavo semestre,de 91 a 95,1,4,8,6
8/3/2019 20:56:07,Química,5,4,5,5,5,4,5,5,4,6,5, ,5, ,5,3,3,4,5,5,4,4,3,4,3,3,5,5,6,5,5,4,4, ,Mujer,Sexto semestre,de 81 a 85,2,12,6,4
9/3/2019 0:48:14,Química,2,2,3,3,6,5,6,4,6,6,6,1,1,3,5,1,6,6,6,2,6,1,1,1,1,1,6,6,6,6,6,6,6, ,Mujer,Doceavo semestre y superior,de 76 a 80,2,12,12,3
9/3/2019 1:04:40,Civil,4,4,4,4,6,5,4,4,5,5,5,5,5,5,5,5,5,5,4,5,4,5,3,4,3,3,5,4,4,6,5,6,4, ,Hombre,Noveno semestre,de 86 a 90,1,4,9,5
9/3/2019 17:22:15,Química,4,4,3,3,3,3,3,3,3,5,4,5,5,3,5,4,5,4,5,4,2,2,2,3,3,1,3,3,5,3,3,4,5, ,Hombre,Onceavo semestre,de 86 a 90,1,12,11,5
10/3/2019 8:55:42,Civil,4,2, ,3,4,4,4,5,3,6,6,3,5,4,3,5,6,5,5,4,6,5,5,6,6,6,6,6,6,5,5,6,6, ,Hombre,Onceavo semestre,de 86 a 90,1,4,11,5
10/3/2019 9:02:28,Mecatrónica,3,3,3,1,3,2,3,2,3,6,5,5,5,5,5,4,3,5,5,4,5,3,3,3,2,3,4,2,4,3,3,4,5, ,Hombre,Sexto semestre,de 91 a 95,1,11,6,6
10/3/2019 9:05:37,Informática,6,5,5,6,6,6,5,5,5,6,4,5,5,5,5,5,5,5,6,4,3,4,4,5,5,5,6,5,5,4,5,5,5, ,Hombre,Segundo semestre,de 71 a 75,1,9,2,2
10/3/2019 9:25:07,Civil,4,5,4,4,5,5,5,5,5,5,5,5,5,5,5,5,5,6,5,4,5,5,5,5,3,4,5,4,4,4,5,5,5, ,Hombre,Décimo semestre,de 76 a 80,1,4,10,3
10/3/2019 9:27:51,Gestión Empresarial,6,5,6,6,6,6,6,6,6,6,5,6,5,6,6,6,6,6,6,4,4,4,4,5,1,1,5,4,4,4,5,5,5, ,Mujer,Séptimo semestre,de 81 a 85,2,7,7,4
10/3/2019 9:50:33,Arquitectura,4,4,5,5,2,2,3,3,3,6,6,6,6,6,6,6,6,6,6,6,6,6,4,5,1,1,4,4,6,6,4,5,4, ,Mujer,Noveno semestre,de 81 a 85,2,2,9,4
10/3/2019 9:51:10,Mecatrónica,4,5,4,4,5,4,5,2,4,6,6,5,6,6,5,5,5,5,4,5,5,5,6,6,3,3,4,2,1,4,3,5,1, ,Hombre,Décimo semestre,de 86 a 90,1,11,10,5
10/3/2019 9:56:10,Informática,3,4,4,4,4,3,4,3,4,6,6,6,6,6,6,6,6,6,6,6,4,3,3,2,1,3,4,1,5,4,4,4,4, ,Hombre,Sexto semestre,de 86 a 90,1,9,6,5
10/3/2019 10:19:02,Arquitectura,5,4,5,4,4,4,5,4,5,5,5,6,5,5,6,4,5,6,6,4,5,4,4,5,5, ,4,5,5,6,5,6,6, ,Hombre,Segundo semestre,de 91 a 95,1,2,2,6
10/3/2019 10:31:26,Civil,5,6,4,6,4,6,6,6,6,6,6,6,6,6,6,6,6,6,6,5,4,5,6,6,3,4,5,5,4,4,5,5,6, ,Hombre,Onceavo semestre,de 86 a 90,1,4,11,5
10/3/2019 11:28:01,Informática,5,5,5,5,5,5,4,5,5,6,5,5,6,6,6,6,4,6,6,5,1,4,5,6,1,2,5,5,6,6,5,4,4, ,Mujer,Octavo semestre,de 86 a 90,2,9,8,5
10/3/2019 12:24:08,Informática,5,5,5,5,5,5,5,6,5,6,6,6,6,6,6,6,6,6,6,6,1,4,5,6,6,6,6,6,6,6,6,6,6, ,Hombre,Cuarto semestre,de 81 a 85,1,9,4,4
10/3/2019 12:28:21,Arquitectura,5,5,5,4,5,5,6,5,5,6,6,5,5,5,5,5,5,6,5,2,4,4,3,4,4,4,6,6,5,6,6,6,6, ,Hombre,Primer semestre,de 91 a 95,1,2,1,6
10/3/2019 13:00:39,Gestión Empresarial,2,3,3,3,3,4,3,2,1,4,4,1,5,1,1,1,1,1,5,1,1,1,1,1,1,1,4,4,1,4,2,4,3, ,Mujer,Noveno semestre,de 86 a 90,2,7,9,5
10/3/2019 14:33:35,Informática,5,5,5,4,4,4,4,5,5,5,5,5,5,4,4,4,4,3,5,4,4,5,4,4,3,3,5,5,5,5,4,5,4, ,Mujer,Segundo semestre,de 81 a 85,2,9,2,4
10/3/2019 14:37:16,Arquitectura,5,5,6,5,5,4,5,5,5,6,6,6,6,6,6,6,6,6,6,5,4,5,4,3,4,4,5,4,4,4,4,5,5, ,Hombre,Segundo semestre,de 86 a 90,1,2,2,5
10/3/2019 17:41:00,Sistemas Computacionales,4,4,5,3,4,3,5,3,4,5,5,5,4,4,3,5,5,5,5,4,2,5,3,4,3,3,4,3,4,4,4,5,4, ,Hombre,Sexto semestre,de 86 a 90,1,13,6,5
10/3/2019 21:16:13,Industrial,5,4,4,3,3,3,2,3,2,5,5,5,5,4,4,3,3,3,5,5,5,4,3,3,1,1,4,4,4,3,4,5,5, ,Mujer,Décimo semestre,de 81 a 85,2,8,10,4
10/3/2019 21:27:25,Gestión Empresarial,6,5,5,6,6,6,5,5,5,6,6,4,5,5,4,5,5,4,5,6,5,4,3,4,1,1,5,5,5,6,6,6,6, ,Mujer,Noveno semestre,de 81 a 85,2,7,9,4
10/3/2019 21:57:40,Informática,6,6,6,6,6,6,6,6,6,6,6,6,6,6,6,6,6,6,6,6,1,6,6,6,1,1,6,6,6,6,6,3,3, ,Mujer,Doceavo semestre y superior,de 81 a 85,2,9,12,4
11/3/2019 0:24:22,Civil,3,3,3,3,2,3,4,4,4,4,4,3,4,3,2,2,3,4,4,2,3,1,1,1,1,1,2,2,2,2,1,6,2, ,Hombre,Séptimo semestre,de 86 a 90,1,4,7,5
11/3/2019 0:26:05,Arquitectura,5,5,4,4,5,5,6,6,6,6,6,6,6,6,6,6,6,6,6,6,6,6,6,6,6,6,6,6,6,6,6,6,6, ,Hombre,Segundo semestre,de 91 a 95,1,2,2,6
11/3/2019 0:34:31,Civil,3,4,3,4,4,3,4,4,3,4,3,4, ,2,3,4,4,3,4,3,1,2,3,3,1,1,3,4,4,4,4,4,4, ,Hombre,Octavo semestre,de 86 a 90,1,4,8,5
11/3/2019 9:00:56,Administración,4,4,3,2,3,2,4,4,4,4,4,4,4,4,4,4,4,4,4,4,4,4,4,4,4,4,4,4,4,4,4,4,4, ,Hombre,Onceavo semestre,de 76 a 80,1,1,11,3
11/3/2019 9:50:44,Mecatrónica,3,3,2,3,4,3,3,3,3,4,4,4,4,4,4,4,4,4,4,4,4,4,4,4,4,4,4,4,4,4,4,1,4, ,Mujer,Décimo semestre,de 86 a 90,2,11,10,5
11/3/2019 9:54:01,Mecánica,4,4,4,6,6,6,5,5,5,5,5,4,4,6,1,1,6,5,6,6,5,5,5,5,5,4,6,6,6,6,5,6,5, ,Hombre,Doceavo semestre y superior,de 81 a 85,1,10,12,4
11/3/2019 10:08:44,Mecatrónica,5,5,5,5,5,5,5,5,5,5,5,5,5,5,5,5,5,5,5,5,5,5,5,5,3,5,5,5,5,5,5,5,5, ,Hombre,Décimo semestre,de 76 a 80,1,11,10,3
11/3/2019 10:41:38,Informática,5,5,4,5,5,5,5,3,3,5,5,5,5,5,5,5,5,5,1,1,1,1,1,1,1,1,1,1,1,1,1,1,1, ,Hombre,Sexto semestre,de 81 a 85,1,9,6,4
11/3/2019 11:24:09,Informática,4,4,5,4,5,5,5,5,4,6,6,6,6,6,6,2,4,6,6,4,5,6,6,6,4,4,6,5,6,5,5,4,5, ,Mujer,Segundo semestre,de 91 a 95,2,9,2,6
11/3/2019 12:40:23,Informática,4,3,3,2,2,3,2,3,2,4,4,1,1,1,2,1,3,1,4,3,4,3,1,3,2,2,2,4,2,4,1,1,1, ,Hombre,Octavo semestre,de 76 a 80,1,9,8,3
11/3/2019 13:21:29,Industrial,6,3,5,6,4,4,4,4,4,4,4,4,4,4,4,4,4,4,4,4,6,5,5,5,1,1,3,3,4,4,4,6,6, ,Hombre,Doceavo semestre y superior,de 76 a 80,1,8,12,3
11/3/2019 13:37:04,Industrial,5,3,4,4,4,5,6,1,4,5,5,5,5,5,5,5,6,5,5,5,5,5,4,6,3,4,5,5,5,5,5,4,5, ,Mujer,Décimo semestre,de 76 a 80,2,8,10,3
11/3/2019 13:42:37,Industrial,5,5,5,5,5,5,5,5,5,6,6,6,5,6,5,6,6,6,6,5,6,6,4,5,5,3,5,5,5,6,6,6,6, ,Hombre,Noveno semestre,de 81 a 85,1,8,9,4
11/3/2019 14:00:23,Arquitectura,2,2,3,1,2,1,1,1,1,4,4,3,5,4,4,1,1,4,2,3,2,2,2,2,1,1,1,1,3,2,1,1,2, ,Mujer,Décimo semestre,de 81 a 85,2,2,10,4
11/3/2019 15:25:03,Mecatrónica,5,4,5,4,4,5,4,5,4,5,5,5,5,5,5,5,5,6,5,5,5,5,5,5,5,5,5,5,5,5,5,5,5, ,Hombre,Onceavo semestre,de 81 a 85,1,11,11,4
11/3/2019 15:34:21,Industrial,6,6,5,5,5,5,6,5,6,6,6,6,3,5,2,6,6,6,4,5,6,6,6,5,6,6,6,6,6,6,6,6,6, ,Hombre,Décimo semestre,de 81 a 85,1,8,10,4
11/3/2019 15:37:55,Industrial,5,5,5,5,6,4,5,6,6,6,4,6,5,5,5,4,5,5,4,4,4,5,5,5,4,6,6,6,6,5,5,6,6, ,Hombre,Sexto semestre,de 91 a 95,1,8,6,6
11/3/2019 15:40:51,Industrial,4,4,3,4,3,2,5,3,4,5,5,3,4,4,5,4,4,2,4,4,4,4,3,2,2,3,3,3,4,3,4,3,2, ,Hombre,Décimo semestre,de 86 a 90,1,8,10,5
11/3/2019 16:09:35,Industrial,4,3,3,3,3,3,4,3,2,4,4,4,5,3,3,1,3,2,6,5,5,5,4,4,3,3,3,3,4,4,3,5,6, ,Mujer,Décimo semestre,de 81 a 85,2,8,10,4
11/3/2019 19:26:58,Bioquímica,3,5,5,4,6,3,6,4,5,6,6,6,6,4,4,1,2,6,6,6,6,6,1,6,2,2,6,3,5,5,5,5,6, ,Mujer,Sexto semestre,de 86 a 90,2,3,6,5
11/3/2019 23:10:46,Industrial,4,3,4,3,3,3,3,3,4,3,3,5,5,4,4,4,4,4,3,4,4,4,4,4,2,2,3,3,4,4,3,4,3, ,Hombre,Noveno semestre,de 86 a 90,1,8,9,5
12/3/2019 6:58:21,Mecatrónica,4,4,4,4,4,3,5,4,4,5,5,5,5,4,4,5,5,5,5,4,6,5,4,5,5,5,4,5,5,3,6,6,4, ,Hombre,Séptimo semestre,de 81 a 85,1,11,7,4
12/3/2019 8:22:15,Electrónica,4,4,5,5,4,4,4,4,4,5,5,5,5,5,4,5,5,5,5,5,4,2,2,4,4,4,4,4,5,5,4,5,3, ,Hombre,Décimo semestre,de 81 a 85,1,6,10,4
12/3/2019 8:50:32,Administración,5,5,4,5,4,4,4,4,4,4,5,5,5,4,4,4,3,5,6,4,3,4,2,5,1,1,5,5,5,4,5,5,5, ,Hombre,Sexto semestre,de 91 a 95,1,1,6,6
12/3/2019 8:56:44,Administración,4,4,5,6,4,6,5,5,5,5,6,5,5,5,5,5,6,5,5,5,3,5,5,4,4,5,5,4,4,4, ,5,5, ,Hombre,Cuarto semestre,de 76 a 80,1,1,4,3
12/3/2019 8:52:05,Administración,5,5,6,6,4,5,6,5,5,4,6,5,3,3,4,5,4,4,6,5,3,3,2,5,1,1,6,6,6,5,5,6,6, ,Mujer,Sexto semestre,de 91 a 95,2,1,6,6
12/3/2019 8:54:06,Administración,4,3,5,6,5,4,5,4,5,6,6,6,4,6,4,5,3,4,6,2,1,1,2,2,1,1,5,5,5,6,4,3,5, ,Mujer,Sexto semestre,de 76 a 80,2,1,6,3
12/3/2019 9:00:23,Electrónica,3,3,2,1,2,3,3,2,3,4,3,3,5,4,5,4,2,1,5,5,2,1,2,3,1,1,4,2,3,2,2,2,2, ,Hombre,Octavo semestre,de 86 a 90,1,6,8,5
12/3/2019 9:13:44,Gestión Empresarial,4,4,4,5,6,5,5,5,5,6,6,5,5,6,6,5,5,6,6,5,6,5,3,5,3,3,5,5,6,5,5,5,5, ,Mujer,Noveno semestre,de 76 a 80,2,7,9,3
12/3/2019 9:10:25,Electrónica,4,4,4,4,3,3,3,4,4,3,4,4,4,4,4,4,4,4,5,4,3,3,3,3,2,2,4,4,4,4,5,4,4, ,Hombre,Décimo semestre,de 81 a 85,1,6,10,4
12/3/2019 9:46:47,Industrial,3,2,3,3,2,2,4,2,4,3,4,3,3,3,2,3,3,3,4,3,3,2,2,3,3,2,3,2,4,3,2,4,3, ,Hombre,Onceavo semestre,de 81 a 85,1,8,11,4
12/3/2019 10:08:58,Industrial,1,1,1,1,1,1,1,1,1,1,1,2,3,1,1,4,2,1,1,2,1,1,3,2,4,1,1,1,1,1,1,1,1, ,Hombre,Sexto semestre,de 91 a 95,1,8,6,6
12/3/2019 10:04:38,Industrial,4,3,3,3,3,3,4,4,4,5,5,4,5,6,5,4,4,6,5,4,4,5,4,3,2,2,4,4,4,4,4,4,4, ,Mujer,Sexto semestre,de 86 a 90,2,8,6,5
12/3/2019 10:09:39,Industrial,5,5,6,5,6,5,5,5,5,6,6,4,6,5,5,2,6,6,6,6,5,4,5,4,4,4,5,5,4,5,6,6,5, ,Hombre,Noveno semestre,de 81 a 85,1,8,9,4
12/3/2019 10:31:21,Eléctrica,4,4,5,3,4,4,4,3,4,5,5,5,4,5,5,5,5,5,5,5,3,2,3,5,1,1,4,5,4,4,5,5,4, ,Hombre,Doceavo semestre y superior,de 81 a 85,1,5,12,4
12/3/2019 10:48:34,Electrónica,4,4,4,4,5,5,5,5,5,6,6,6,6,3,3,2,1,6,6,6,5,6,5,5,3,3,5,4,6,5,5,6,5, ,Hombre,Quinto semestre,de 86 a 90,1,6,5,5
12/3/2019 11:08:57,Industrial,6,5,5,5,5,5,5,6,6,6,6,4,6,5,5,5,5,5,6,6,6,6,6,6,4,4,5,6,6,6,5,6,6, ,Mujer,Noveno semestre,de 81 a 85,2,8,9,4
12/3/2019 11:39:12,Industrial,4,4,5,5,5,5,6,4,4,6,5,6,4,1,6,5,6,4,4,2,1,6,1,3,1,1,4,4,4,5,5,6,5, ,Hombre,Noveno semestre,de 81 a 85,1,8,9,4
12/3/2019 12:13:23,Gestión Empresarial,4,3,2,2,3,3,5,3,3,6,6,6,6,5,5,6,6,6,5,3,4,3,1,1,1,1,4,6,6,6,5,6,6, ,Mujer,Décimo semestre,de 86 a 90,2,7,10,5
12/3/2019 12:51:31,Eléctrica,4,3,5,5,5,4,5,3,4,6,6,6,5,6,6,5,3,5,5,2,1,1,1,5,1,1,5,5,5,5,5,6,5, ,Hombre,Décimo semestre,de 81 a 85,1,5,10,4
12/3/2019 13:25:21,Gestión Empresarial,1,1,1,1,1,1,1,1,1,1,1,1,1,1,1,1,1,1,1,1,1,1,1,1,1,1,1,1,1,1,1,1,1, ,Mujer,Décimo semestre,de 86 a 90,2,7,10,5
12/3/2019 13:26:30,Civil,4,4,4,3,4,3,5,2,3,6,6,6,6,6,6,6,6,6,6,3,3,3,2,2,1,1,3,3,4,3,4,6,4, ,Hombre,Octavo semestre,de 81 a 85,1,4,8,4
12/3/2019 13:27:20,Civil,4,3,3,5,2,3,2,1,1,5,5,5,6,5,1,4,4,4,6,6,1,1,1,3,1,1,1,3,2,2,3,5,1, ,Hombre,Onceavo semestre,de 81 a 85,1,4,11,4
12/3/2019 13:34:14,Civil,4,4,4,3,3,2,4,3,3,4,5,4,4,3,3,2,3,3,1,4,4,3,1,4,1,1,4,2,2,2,3,2,1, ,Hombre,Noveno semestre,de 81 a 85,1,4,9,4
12/3/2019 13:42:54,Electrónica,3,1,4,5,2,3,4,1,3,6,5,5,3,4,4,2,3,5,5,4,3,2,4,5,4,3,2,2,4,1,3,5,3, ,Hombre,Octavo semestre,de 86 a 90,1,6,8,5
12/3/2019 13:54:20,Administración,5,5,4,5,5,4,5,4,4,5,5,5,5,5,5,5,1,5,5,5,6,5,4,5,3,3,5,5,5,5,4,5,5, ,Hombre,Sexto semestre,de 91 a 95,1,1,6,6
12/3/2019 14:11:22,Civil,3,3,3,4,4,2,4,2,4,5,5,5,4,4,4,4,4,5,5,3,4,2,2,3,1,1,4,4,4,5,5,6,4, ,Hombre,Octavo semestre,de 91 a 95,1,4,8,6
12/3/2019 14:19:04,Electrónica,4,4,5,4,6,4,4,4,4,5,5,6,5,5,5,1,2,6,6,6,6,3,3,3,4,4,5,5,5,5,5,2,4, ,Hombre,Doceavo semestre y superior,de 81 a 85,1,6,12,4
12/3/2019 14:21:16,Bioquímica,5,5,5,6,6,6,4,6,4,6,6,6,6,6,6,6,6,6,3,6,5,3,2,6,3,3,5,5,6,5,5,6,6, ,Mujer,Sexto semestre,de 81 a 85,2,3,6,4
12/3/2019 14:43:13,Informática,5,5,5,6,6,5,6,5,5,6,6,6,5,4,5,4,5,6,6,5,2,1,4,5,3,4,5,5,5,5,5,6,6, ,Hombre,Octavo semestre,de 86 a 90,1,9,8,5
12/3/2019 15:00:28,Civil,6,4,6,6,6,5,6,6,6,6,6,6,6,6,6,6,6,6,6,6,5,4,4,5,3,3,6,6,6,6,6,6,6, ,Hombre,Noveno semestre,de 81 a 85,1,4,9,4
12/3/2019 16:02:53,Industrial,3,2,2,2,2,2,2,3,2,2,2,2,2,2,2,2,2,2,4,6,5,6,6,3,4,4,4,6,5,4,4,6,1, ,Hombre,Doceavo semestre y superior,de 76 a 80,1,8,12,3
12/3/2019 18:22:03,Electrónica,4,4,4,2,5,5,5,3,4,6,6,6,1,2,4,1,6,6,6,6,6,1,2,2,1,2,4,3,5,3,4,5,2, ,Hombre,Octavo semestre,de 86 a 90,1,6,8,5
12/3/2019 18:26:39,Administración,4,3,2,1,2,3,3,4,4,6,6,6,6,6,1,4,6,6,4,5,4,1,3,5,5,3,5,6,5,5,5,6,6, ,Mujer,Octavo semestre,de 91 a 95,2,1,8,6
12/3/2019 18:37:16,Industrial,4,4,3,2,2,4,5,4,3,4,3,4,2,4,3,3,5,4,4,4,6,6,6,4,4,4,4,4,5,4,5,6,6, ,Hombre,Noveno semestre,de 86 a 90,1,8,9,5
12/3/2019 18:39:34,Eléctrica,4,4,3,3,4,4,3,4,4,5,5,5,2,5,3,1,5,5,6,1,1,1,1,3,1,1,5,6,6,6,5,6,5, ,Mujer,Doceavo semestre y superior,de 81 a 85,2,5,12,4
12/3/2019 19:32:26,Mecatrónica,4,3,5,3,5,4,5,2,4,5,6,6,5,5,5,5,5,5,5,5,5,5,5,5,3,2,4,4,5,4,4,4,5, ,Hombre,Décimo semestre,de 86 a 90,1,11,10,5
12/3/2019 20:57:55,Química,3,5,6,4,4,4,6,4,4,6,6,6,6,6,6,6,5,6,5,6,6,3,2,5,3,3,4,4,5,5,5,5,5, ,Mujer,Cuarto semestre,de 96 a 100,2,12,4,7
12/3/2019 21:53:25,Gestión Empresarial,5,4,4,4,5,4,3,3,5,3,5,5,5,2,3,2,2,3,5,4,3,3,2,3,1,1,4,4,5,5,5,6,6, ,Mujer,Noveno semestre,de 91 a 95,2,7,9,6
12/3/2019 22:56:42,Civil,4,2,3,4,4,4,3,4,4,4,4,5,5,4,5,4,4,5,5,5,3,1,1,2,1,1,4,4,4,3,4,6,6, ,Hombre,Décimo semestre,de 76 a 80,1,4,10,3
12/3/2019 23:30:08,Eléctrica,6,6,6,5,6,5,5,6,5,5,6,6,5,5,5,6,6,6,6,6,4,6,6,6,3,4,6,6,6,6,6,6,6, ,Hombre,Onceavo semestre,de 81 a 85,1,5,11,4
13/3/2019 0:45:38,Administración,4,4,4,4,5,4,4,4,4,3,4,4,2,3,4,2,2,1,6,5,6,5,1,5,1,1,5,4,4,4,5,4,4, ,Hombre,Noveno semestre,de 81 a 85,1,1,9,4
13/3/2019 9:09:56,Gestión Empresarial,4,5,5,4,5,4,5,5,5,6,6,4,6,5,5,4,4,5,6,6,6,1,1,3,2,1,5,6,6,5,6,6,6, ,Hombre,Noveno semestre,de 81 a 85,1,7,9,4
13/3/2019 10:39:10,Mecatrónica,4,4,4,3,3,3,4,4,4,5,4,2,4,4,4,2,4,4,5,5,4,4,3,4,2,4,5,5,4,4,4,5,5, ,Hombre,Noveno semestre,de 86 a 90,1,11,9,5
13/3/2019 13:31:17,Arquitectura,2,3,4,4,2,1,3,3,3,5,4,3,4,4,3,3,6,4,5,4,4,4,3,4,4,4,3,3,5,4,2,4,1, ,Hombre,Noveno semestre,de 81 a 85,1,2,9,4
13/3/2019 13:34:38,Industrial,5,4,3, , , , ,4,3,5,6,5,5,6,6,5,5,5,5,4,4,4,5,5,2,5,5,2,4,4,3,4,4, ,Mujer,Octavo semestre,de 91 a 95,2,8,8,6
13/3/2019 13:36:06,Arquitectura,6,5,5,5,5,5,5,5,5,6,6,6,6,4,6,6,6,6,5,5,5,4,4,4,2,2,4,5,5,6,5,6,6, ,Mujer,Doceavo semestre y superior,de 81 a 85,2,2,12,4
13/3/2019 13:36:18,Bioquímica,4,5,5,5,5,5,5,5,5,5,5,4,4,4,4,4,4,5,4,4,4,4,3,4,4,3,4,4,4,4,4,4,4, ,Mujer,Décimo semestre,de 91 a 95,2,3,10,6
13/3/2019 13:36:40,Bioquímica,4,3,4,4,3,2,4,4,4,4,4,4,4,4,4,4,4,5,5,5,4,3,4,4,4,4,4,4, ,4,4,4,4, ,Mujer,Décimo semestre,de 81 a 85,2,3,10,4
13/3/2019 13:48:05,Bioquímica,5,4,5,3,3,3,3,4,4,4,3,2,1,1,3,5,3,5,4,2,2,2,2,2,2,2,3,3,2,4,4,4,4, ,Mujer,Onceavo semestre,de 86 a 90,2,3,11,5
13/3/2019 13:55:56,Arquitectura,3,3,2,1,2,2,2,4,4,5,3,5,5,5,5,4,5,5,5,5,5,3,3,4,3,4,5,4,3,2,2,3,2, ,Hombre,Segundo semestre,de 86 a 90,1,2,2,5
13/3/2019 14:01:40,Arquitectura,5,5,6,5,6,5,6,6,6,6,6,6,6,6,5,5,6,6,6,6,6,6,6,6,6,6,6,6,5,5,6,6,6, ,Mujer,Primer semestre,de 86 a 90,2,2,1,5
13/3/2019 14:09:35,Mecatrónica,5,5,5,5,4,4,5,4,4,5,5,5,5,5,5,5,5,5,5,5,5,5,5,5,5,5,5,5,5,5,5,5,5, ,Hombre,Décimo semestre,de 81 a 85,1,11,10,4
13/3/2019 14:09:38,Arquitectura,5,3,3,1,3,1,3,2,2,5,5,3,6,5,5,5,4,5,4,5,4,5,5,6,5,4,3,4,5,6,3,4,3, ,Hombre,Doceavo semestre y superior,de 81 a 85,1,2,12,4
13/3/2019 14:10:55,Mecatrónica,6,3,3,3,5,3,5,3,5,6,6,6,6,4,4,5,5,6,6,6,6,6,6,6,3,3,6,6,6,3,6,4,6, ,Hombre,Doceavo semestre y superior,de 76 a 80,1,11,12,3
13/3/2019 14:11:09,Informática,5,5,5,6,5,6,6,5,5,6,6,6,5,6,6,6,6,6,5,5,4,4,4,5,5,5,6,6,6,5,6,6,6, ,Hombre,Décimo semestre,de 86 a 90,1,9,10,5
13/3/2019 14:31:28,Informática,5,5,5,5,5,5,6,5,6,6,6,6,6,6,5,5,4,6,6,4,4,5,5,6,4,4,4,4,5,4,4,3,4, ,Mujer,Segundo semestre,de 91 a 95,2,9,2,6
13/3/2019 14:37:12,Bioquímica,5,5,5,5,5,5,5,5,5,6,6,5,5,5,5,6,5,6,5,3,3,3,4,5,3,3,5,5,5,5,5,6,6, ,Mujer,Doceavo semestre y superior,de 71 a 75,2,3,12,2
13/3/2019 15:25:12,Informática,3,4,4,4,5,4,4,5,5,5,5,5,5,5,5,5,5,5,5,4,2,4,3,5,1,2,5,6,5,6,5,6,2, ,Hombre,Segundo semestre,de 81 a 85,1,9,2,4
13/3/2019 15:52:31,Civil,4,3,3,3,4,3,4,3,5,5,5,4,5,4,4,4,5,6,5,3,4,2,1,4,2,1,5,4,6,4,4,6,4, ,Mujer,Noveno semestre,de 81 a 85,2,4,9,4
13/3/2019 16:48:51,Gestión Empresarial,5,5,5,5,6,5,4,4,5,6,6,6,4,5,6,4,5,6,6,6,6,6,5,6,5,4,6,6,6,6,6,6,6, ,Mujer,Décimo semestre,de 81 a 85,2,7,10,4
13/3/2019 17:14:46,Civil,4,3,3,2,3,3,5,3,4,6,6,4,3,5,4,6,6,5,4,4,2,2,2,2,1,1,4,4,5,5,5,6,6, ,Hombre,Doceavo semestre y superior,de 81 a 85,1,4,12,4
13/3/2019 18:55:18,Arquitectura,3,4,5,5,4,5,5,4,3,6,6,5,6,6,6,6,6,6,6,6,6,6,3,3,5,6,6,4,6,6,3,4,4, ,Mujer,Séptimo semestre,de 76 a 80,2,2,7,3
13/3/2019 18:58:52,Arquitectura,4,5,6,3,6,3,6,6,4,6,6,6,5,6,5,6,4,6,6,6,4,5,4,6,1,1,5,3,5,4,5,6,5, ,Mujer,Octavo semestre,de 86 a 90,2,2,8,5
13/3/2019 19:08:55,Mecatrónica,5,5,5,5,5,4,4,4,5,5,4,5,4,5,6,5,6,6,4,6,4,6,6,6,5,4,5,6,4,6,5,4,5, ,Hombre,Doceavo semestre y superior,de 81 a 85,1,11,12,4
13/3/2019 19:23:21,Arquitectura,4,3,5,4,4,4,4,1,3,4,6,6,6,6,6,6,6,6,6,4,4,3,2,1,1,1,4,5,5,3,4,5,2, ,Mujer,Séptimo semestre,de 86 a 90,2,2,7,5
13/3/2019 19:25:06,Arquitectura,4,5,5,4,4,4,5,3,4,6,5,4,4,4,3,5,4,5,6,5,4,4,1,4,1,1,4,4,5,4,3,5,5, ,Mujer,Séptimo semestre,de 96 a 100,2,2,7,7
13/3/2019 19:30:00,Arquitectura,5,4,5,4,4,4,4,3,4,6,6,6,6,6,6,6,6,6,6,5,3,4,3,3,2,3,5,5,6,5,4,5,4, ,Mujer,Séptimo semestre,de 81 a 85,2,2,7,4
13/3/2019 19:32:47,Arquitectura,4,3,3,3,3,4,5,5,5,5,4,3,5,3,4,3,5,6,5,3,5,3,3,3,3,3,5,4,5,5,4,6,4, ,Mujer,Séptimo semestre,de 86 a 90,2,2,7,5
13/3/2019 19:48:09,Electrónica,4,3,4,4,5,4,3,2,3,5,6,5,3,4,4,3,5,5,6,6,4,3,2,3,2,4,5,4,5,4,5,5,4, ,Hombre,Octavo semestre,de 81 a 85,1,6,8,4
13/3/2019 19:58:49,Arquitectura,6,6,6,3,3,6,3,6,4,6,6,6,6,6,6,6,6,6,6,3,6,4,3,3,5,4,4,3,5,6,5,2,6, ,Mujer,Segundo semestre,de 81 a 85,2,2,2,4
13/3/2019 20:04:58,Mecánica,5,5,5,5,5,5,5,5,5,5,5,5,5,5,5,5,5,5,5,5,5,5,5,5,5,5,5,5,5,5,5,6,5, ,Hombre,Décimo semestre,de 81 a 85,1,10,10,4
13/3/2019 20:53:39,Mecatrónica,4,4,4,3,5,5,5,4,4,3,5,4,6,5,3,4,6,2,6,5,5,5,5,5,4,2,5,5,5,3,5,5,6, ,Hombre,Décimo semestre,de 81 a 85,1,11,10,4
13/3/2019 21:30:16,Industrial,4,4,4,5,3,4,4,3,3,6,5,5,5,6,6,5,5,6,5,3,5,5,3,4,2,2,4,5,5,4,5,5,5, ,Mujer,Noveno semestre,de 81 a 85,2,8,9,4
13/3/2019 21:37:32,Electrónica,5,3,5,4,5,3,4,3,2,5,5,5,6,6,6,3,5,6,5,4,3,2,1,1,1,2,4,3,5,5,4,3,4, ,Hombre,Octavo semestre,de 91 a 95,1,6,8,6
13/3/2019 21:58:13,Arquitectura,6,5,6,6,5,6,6,6,6,6,6,4,6,6,6,4,6,6,6,6,6,6,6,6,6,6,6,6,6,6,6,6,6, ,Mujer,Primer semestre,de 91 a 95,2,2,1,6
13/3/2019 22:13:01,Civil,5,5,5,5,5,5,5,5,5,5,5,5,5,5,5,5,5,5,5,5,5,5,5,5,5,5,5,5,5,5,5,5,5, ,Hombre,Noveno semestre,de 76 a 80,1,4,9,3
13/3/2019 22:24:48,Administración,3,4,3,3,4,3,4,4,4,6,6,5,5,5,5,5,5,5,5,1,3,3,1,4,1,1,4,4,5,5,5,5,5, ,Mujer,Décimo semestre,de 76 a 80,2,1,10,3
13/3/2019 22:32:11,Electrónica,5,5,6,5,6,5,5,5,5,6,6,6,6,6,6,4,5,6,6,6,3,5,4,6,5,5,6,5,6,6,6,6,5, ,Hombre,Décimo semestre,de 81 a 85,1,6,10,4
13/3/2019 22:53:02,Arquitectura,3,2,3,3,3,3,6,1,3,1,4,2,1,1,3,3,6,6,6,4,6,4,4,4,3,3,4,4,6,6,6,6,6, ,Hombre,Séptimo semestre,de 86 a 90,1,2,7,5
13/3/2019 22:52:48,Arquitectura,4,4,3,4,6,4,5,1,2,6,5,3,1,2,6,3,1,6,5,3,2,1,2,2,2,2,2,4,6,5,6,6,6, ,Hombre,Séptimo semestre,de 86 a 90,1,2,7,5
13/3/2019 23:01:16,Arquitectura,4,4,4,4,4,3,4,4,4,4,4,1,3,2,1,1,1,5,5,4,2,2,1,2,1,1,4,3,2,4,4,4,4, ,Hombre,Séptimo semestre,de 81 a 85,1,2,7,4
13/3/2019 23:02:05,Informática,3,3,3,3,3,3,3,4,3,3,3,3,4,3,3,4,3,3,3,4,4,3,3,4,3,3,3,3,3,3,3, ,4, ,Mujer,Décimo semestre,de 81 a 85,2,9,10,4
13/3/2019 23:08:46,Arquitectura,4,5,5,4,3,4,3,3,4,4,4,3,3,2,4,4,6,4,5,5,5,2,4,5,1,1,4,4,3,4,4,6,4, ,Mujer,Séptimo semestre,de 91 a 95,2,2,7,6
13/3/2019 23:12:56,Informática,3,2,2,2,3,1,1,1,1,1,5,2,1,2,2,2,2,2,1,1,1,1,1,1,1,1,3,1,2,2,3,1,2, ,Hombre,Octavo semestre,de 81 a 85,1,9,8,4
13/3/2019 23:35:29,Arquitectura,4,4,4,3,4,4,3,3,3,4,4,5,4,5,6,5,5,5,6,5,6,5,3,5,1,2,5,5,6,6,6,6,5, ,Mujer,Octavo semestre,de 81 a 85,2,2,8,4
14/3/2019 0:14:36,Arquitectura,5,5,5,5,5,5,5,5,5,5,5,5,5,5,5,5,5,5,5,4,3,5,3,4,4,4,5,5,5,5,6,6,5, ,Hombre,Primer semestre,de 71 a 75,1,2,1,2
14/3/2019 0:21:02,Arquitectura,4,6,4,4,5,5,5,5,5,5,5,5,5,5,5,5,5,5,5,5,4,4,4,4,4,4,5,5,5,5,5,6,5, ,Hombre,Primer semestre,de 76 a 80,1,2,1,3
14/3/2019 0:39:35,Arquitectura,6,5,6,5,6,6,6,6,6,6,6,6,4,5,6,6,6,6,5,4,5,4,5,5,6,6,6,6,5,6,5,6,6, ,Hombre,Primer semestre,de 86 a 90,1,2,1,5
14/3/2019 1:52:10,Mecatrónica,5,6,5,6,5,6,6,5,5,6,6,5,4,5,5,5,6,5,6,6,5,4,6,4,4,5,5,5,6,5,5,6,5, ,Hombre,Noveno semestre,de 81 a 85,1,11,9,4
14/3/2019 6:48:12,Civil,5,5,5,4,6,5,6,6,6,6,6,6,6,6,6,6,6,6,5,3,3,2,2,6,5,5,5,5,6,6,6,6,6, ,Hombre,Noveno semestre,de 81 a 85,1,4,9,4
14/3/2019 7:19:57,Arquitectura,4,4,6,6,5,5,6,2,3,5,5,6,6,6,6,6,6,6,6,1,5,5,5,6,6,6,5,5,6,5,4,5,6, ,Mujer,Octavo semestre,de 81 a 85,2,2,8,4
14/3/2019 8:28:40,Administración,4,3,4,2,3,4,4,4,3,1,4,4,6,2,1,3,3,1,6,4,1,1,1,1,1,1,3,4,6,4,4,3,3, ,Mujer,Cuarto semestre,de 71 a 75,2,1,4,2
14/3/2019 8:30:13,Administración,4,6,6,5,5,5,6,6,5,6,6,6,6,6,6,6,6,6,6,4,5,1,3,3,3,3,6,6,6,6,6,6,6, ,Hombre,Cuarto semestre,de 81 a 85,1,1,4,4
14/3/2019 8:38:15,Industrial,3,4,3,4,1,2,3,1,3,5,5,1,2,3,4,4,4,1,3,2,3,1,1,4,1,2,2,3,3,1,2,6,2, ,Hombre,Quinto semestre,Menos de 70,1,8,5,1
14/3/2019 8:45:03,Administración,1,3,5,4,3,3,3,3,3,6,6,6,5,4,3,5,5,3,2,3,3,3,4,4,4,3,3,3,4,4,3,3,5, ,Mujer,Cuarto semestre,de 91 a 95,2,1,4,6
14/3/2019 8:52:55,Industrial,6,6,6,6,6,6,6,6,6,6,6,6,6,6,5,6,6,6,6,5,6,6,6,6,5,6,6,6,6,6,6,6,6, ,Mujer,Quinto semestre,de 86 a 90,2,8,5,5
14/3/2019 8:55:08,Industrial,4,4,6,4,3,4,3,5,5,4,4,2,2,2,5,2,4,2,6,3,4,4,3,4,2,2,5,5,5,5,5,5,5, ,Mujer,Onceavo semestre,de 81 a 85,2,8,11,4
14/3/2019 8:57:09,Industrial,5,4,4,5,6,6,6,5,5,6,6,6,6,6,6,6,6,6,6,5,5,5,5,6,5,5,5,5,5,6,6,6,6, ,Hombre,Quinto semestre,de 76 a 80,1,8,5,3
14/3/2019 8:59:24,Industrial,6,6,6,6,6,6,6,6,6,6,6,6,6,6,6,6,6,6,6,1,6,6,1,6,6,6,6,6,6,6,6,6,6, ,Hombre,Quinto semestre,de 81 a 85,1,8,5,4
14/3/2019 9:01:41,Industrial,5,5,4,5,4,5,5,5,4,4,5,2,2,2,1,6,5,3,5,5,5,5,5,5,1,1,5,4,4,4,4,6,5, ,Mujer,Séptimo semestre,de 76 a 80,2,8,7,3
14/3/2019 9:03:59,Industrial,4,3,4,5,3,3,4,4,3,4,3,4,4,3,4,2,4,1,4,5,5,4,4,4,2,2,3,4,4,3,4,4,4, ,Hombre,Séptimo semestre,de 86 a 90,1,8,7,5
14/3/2019 9:05:57,Industrial,5,5,5,6,5,5,5,5,5,6,6,6,6,5,6,3,6,5,6,5,5,5,5,5,2,2,6,5,5,5,6,6,6, ,Mujer,Sexto semestre,de 81 a 85,2,8,6,4
14/3/2019 9:06:36,Industrial,5,5,5,5,5,5,5,5,5,5,5,5,5,5,5,5,5,5,5,5,5,5,5,5,5,5,5,5,5,5,5,6,6, ,Hombre,Quinto semestre,de 81 a 85,1,8,5,4
14/3/2019 9:06:41,Industrial,5,5,4,4,4,4,4,4,4,4,4,4,5,5,5,5,5,5,5,4,5,4,4,4,4,4,5,4,4,4,4,6,5, ,Mujer,Quinto semestre,de 81 a 85,2,8,5,4
14/3/2019 9:12:06,Industrial, ,3,4,2,2,3,3,3,3,6,3,6,3,3,6,6,6,3,6,2,2,5,2,5,4,3,3,3,5,5,5,6,6, ,Hombre,Quinto semestre,de 76 a 80,1,8,5,3
14/3/2019 9:14:33,Industrial,4,4,5,4,3,5,2,3,4,6,6,2,5,3,3,3,3,3,6,2,2,1,3,4,1,2,4,5,5,4,5,6,6, ,Mujer,Quinto semestre,de 86 a 90,2,8,5,5
14/3/2019 9:16:18,Industrial,4,3,5,4,3,3,4,4,5,4,5,2,4,3,3,3,3,3,4,3,3,3,3,4,2,2,4,3,5,4,4,4,4, ,Hombre,Quinto semestre,de 81 a 85,1,8,5,4
14/3/2019 9:21:35,Industrial,6,6,5,6,6,6,6,6,6,6,6,6,6,6,6,6,6,6,6,6,6,6,6,6,6,6,6,6,6,6,6,6,6, ,Hombre,Quinto semestre,de 81 a 85,1,8,5,4
14/3/2019 9:40:52,Industrial,4,4,4,4,3,4,4,4,4,6,6,5,5,5,5,5,5,5,4,5,5,4,2,5,3,3,5,5,5,5,5,5,5, ,Hombre,Quinto semestre,de 81 a 85,1,8,5,4
14/3/2019 9:48:49,Industrial,6,6,6,5,5,5,6,6,6,6,6,6,6,6,6,6,6,6,6,6,6,6,6,6,6,6,6,6,6,6,6,6,6, ,Hombre,Séptimo semestre,de 76 a 80,1,8,7,3
14/3/2019 9:49:05,Industrial,6,5,5,4,5,5,6,4,5,6,6,5,5,5,5,5,5,5,5,6,5,5,5,5,5,5,5,6,6,4,4,5,6, ,Hombre,Quinto semestre,de 86 a 90,1,8,5,5
14/3/2019 9:51:42,Industrial,6,5,4,6,6,6,6,6,5,6,6,6,6,5,5,6,5,5,5,3,5,4,4,4,4,4,4,4,5,5,5,5,4, ,Hombre,Quinto semestre,de 76 a 80,1,8,5,3
14/3/2019 9:57:41,Industrial,4,4,4,3,4,4,4,4,4,6,6,5,5,5,5,5,5,6,5,6,6,3,4,5,5,5,5,5,5,5,5,5,4, ,Mujer,Quinto semestre,de 81 a 85,2,8,5,4
14/3/2019 10:38:01,Arquitectura,4,5,4,5,6,6,6,6,5,6,6,6,6,6,6,6,6,6,6,6,5,4,4,6,4,4,6,6,6,6,6,6,6, ,Hombre,Primer semestre,de 76 a 80,1,2,1,3
14/3/2019 10:57:39,Arquitectura,5,6,6,4,5,6,6,6,6,6,6,6,6,6,6,6,6,6,6,5,5,5,5,5,6,6,6,6,6,6,6,6,5, ,Hombre,Primer semestre,de 86 a 90,1,2,1,5
14/3/2019 11:30:16,Administración,1,3,5,5,3,2,4,4,4,2,4,4,4,2,3,1,1,2,4,2,1,1,1,3,1,1,3,4,4,4,4,4,5, ,Mujer,Cuarto semestre,de 91 a 95,2,1,4,6
14/3/2019 11:31:22,Administración,5,3,6,3,4,4,4,4,5,4,5,3,4,5,4,1,4,4,5,2,2,1,2,4,2,2,5,3,3,4,5,6,6, ,Mujer,Cuarto semestre,de 91 a 95,2,1,4,6
14/3/2019 12:01:51,Administración,6,6,6,6,6,6,6,6,6,6,6,6,6,6,6,4,5,6,5,4,5,5,3,5,3,3,6,6,6,6,6,6,6, ,Mujer,Séptimo semestre,de 86 a 90,2,1,7,5
14/3/2019 12:06:48,Administración,5,4,5,4,5,4,5,6,5,6,6,4,6,6,6,6,4,5,6,4,5,5,3,5,3,1,2,3,4,4,5,5,5, ,Mujer,Sexto semestre,de 86 a 90,2,1,6,5
14/3/2019 12:07:33,Administración,6,5,5,2,6,6,6,6,3,4,4,4,4,4,5,5,5,5,5,5,4,4,3,4,4,4,4,4,4,4,4,4,4, ,Mujer,Onceavo semestre,de 81 a 85,2,1,11,4
14/3/2019 12:08:05,Gestión Empresarial,5,5,4,3,4,4,4,4,5,6,6,5,5,5,3,4,5,4,5,5,5,3,2,3,3,3,5,4,4,5,5,4,4, ,Mujer,Octavo semestre,de 86 a 90,2,7,8,5
14/3/2019 12:08:39,Gestión Empresarial,4,2,3,4,4,3,3,2,3,4,3,3,3,3,5,4,3,4,2,3,3,3,3,2,2,2,4,5,3,3,5,6,5, ,Mujer,Octavo semestre,de 91 a 95,2,7,8,6
14/3/2019 12:09:14,Gestión Empresarial,5,4,4,5,5,5,5,5,5,6,5,5,6,6,4,4,6,5,6,5,1,1,1,5,1,1,5,5,5,5,5,6,6, ,Hombre,Octavo semestre,de 91 a 95,1,7,8,6
14/3/2019 12:11:16,Gestión Empresarial,4,3,4,2,3,3,4,4,4,4,4,3,4,2,4,4,4,4,4,4,2,2,2,2,2,2,4,5,5,5,5,6,6, ,Mujer,Octavo semestre,de 91 a 95,2,7,8,6
14/3/2019 12:19:02,Administración,5,5,5,5,5,5,5,5,5,5,5,5,5,5,5,5,5,5,5,2,5,5,5,5,2,5,5,5,5,5,5,6,5, ,Mujer,Séptimo semestre,de 86 a 90,2,1,7,5
14/3/2019 12:29:31,Gestión Empresarial,5,5,5,5,5,5,5,5,5,5,5,6,5,6,6,6,6,6,6,6,1,1,2,5,1,1,6,6,6,6,6,6,6, ,Hombre,Noveno semestre,de 86 a 90,1,7,9,5
14/3/2019 12:30:01,Gestión Empresarial,6,5,5,4,5,5,5,5,5,5,5,4,5,5,5,5,5,5,5,4,5,3,4,4,4,4,6,5,5,5,6,5,6, ,Hombre,Octavo semestre,de 91 a 95,1,7,8,6
14/3/2019 12:41:42,Gestión Empresarial,5,4,4,5,5,4,4,4,4,5,5,5,5,5,4,2,2,2,5,4,5,5,3,5,3,3,5,4,4,5,4,6,6, ,Hombre,Noveno semestre,de 81 a 85,1,7,9,4
14/3/2019 12:53:02,Administración,5,4,3,4,4,4,5,3,4,5,5,5,4,5,4,4,5,6,4,1,2,2,2,3,2,2,4,4,5,5,5,6,6, ,Hombre,Sexto semestre,de 86 a 90,1,1,6,5
14/3/2019 12:57:54,Industrial,5,5,4,5,6,4,6,5,5,6,6,6,4,6,4,4,6,4,6,4,4,5,5,6,2,3,5,5,6,6,6,6,6, ,Hombre,Quinto semestre,de 81 a 85,1,8,5,4
14/3/2019 13:12:25,Administración,4,3,3,3,3,3,4,3,5,5,5,5,4,4,4,4,4,4,4,3,3,3,3,4,1,1,4,4,5,5,4,6,3, ,Hombre,Sexto semestre,de 86 a 90,1,1,6,5
14/3/2019 13:17:57,Gestión Empresarial,3,2,3,2,4,4,4,3,3,3,5,5,3,3,2,5,5,4,6,5,5,3,3,5,3,3,4,4,3,4,4,6,6, ,Hombre,Noveno semestre,de 81 a 85,1,7,9,4
14/3/2019 13:18:18,Arquitectura,5,5,5,5,5,5,6,5,5,6,6,6,6,6,6,6,6,6,6,4,5,6,5,5,5,5,5,5,5,6,6,6,6, ,Mujer,Primer semestre,de 86 a 90,2,2,1,5
14/3/2019 13:20:49,Industrial,3,3,3,3,3,3,3,3,3,5,5,5,5,5,4,4,5,5,5,5,5,5,5,3,1,1,4,4,1,1,2,4,4, ,Hombre,Décimo semestre,de 76 a 80,1,8,10,3
14/3/2019 13:21:18,Administración,5,4,4,2,3,3,4,4,4,5,5,5,5,5,5,5,4,6,5,3,3,3,3,3,1,2,4,5,5,3,5,6,3, ,Hombre,Sexto semestre,de 91 a 95,1,1,6,6
14/3/2019 13:21:52,Gestión Empresarial,3,3,2,3,3,3,3,3,3,1,5,1,4,4,4,2,4,4,5,3,1,1,1,1,1,1,3,1,5,4,4,6,1, ,Mujer,Noveno semestre,de 86 a 90,2,7,9,5
14/3/2019 13:26:25,Administración,6,6,6,6,5,6,6,6,6,6,6,6,6,6,6,6,6,6,6,6,6,4,3,5,2,3,5,5,6,5,6,6,6, ,Hombre,Sexto semestre,de 86 a 90,1,1,6,5
14/3/2019 13:36:47,Gestión Empresarial,4,3,4,3,4,4,4,3,4,4,3,4,4,4,4,4,5,5,4,4,3,1,2,2,1,1,4,4,4,3,4,4,5, ,Mujer,Décimo semestre,de 91 a 95,2,7,10,6
14/3/2019 14:00:55,Bioquímica,4,4,3,1,3,3,5,5,2,6,4,3,5,5,4,4,4,6,2,1,3,1,1,1,2,3,6,6,6,5,6,6,6, ,Mujer,Doceavo semestre y superior,de 81 a 85,2,3,12,4
14/3/2019 20:08:34,Administración,4,5,3,4,3,3,5,3,3,6,6,5,6,5,5,5,6,6,5,1,2,1,1,1,1,1,5,3,5,4,4,5,4, ,Mujer,Sexto semestre,de 91 a 95,2,1,6,6
14/3/2019 20:15:01,Administración,3,4,5,5,2,3,3,2,5,5,5,6,6,6,4,3,5,6,4,3,3,3,1,4,4,4,5,5,4,4,5,5,5, ,Mujer,Cuarto semestre,de 91 a 95,2,1,4,6
14/3/2019 20:22:29,Civil,5,5,5,6,6,6,4,4,4,6,6,3,6,5,4,6,6,2,6,6,4,3,3,3,3,3,5,3,6,6,4,6,6, ,Hombre,Tercer semestre,de 86 a 90,1,4,3,5
14/3/2019 21:01:43,Arquitectura,1,1,2,1,1,1,3,3,1,4,4,4,4,1,2,1,1,1,4,5,3,5,1,1,1,1,1,1,6,5,3,2,3, ,Mujer,Décimo semestre,de 91 a 95,2,2,10,6
14/3/2019 22:25:53,Arquitectura,5,4,4,5,6,6,5,4,5,6,6,5,6,6,6,6,6,6,6,3,5,3,3,5,4,4,6,6, ,5,5,6,5, ,Mujer,Primer semestre,de 81 a 85,2,2,1,4
15/3/2019 8:43:11,Administración,5,4,5,4,4,4,4,5,5,5,5,4,5,5,5,5,5,5,5,6,5,4,2,4,4,4,4,5,5,4,4,5,5, ,Mujer,Cuarto semestre,de 91 a 95,2,1,4,6
15/3/2019 13:01:59,Mecánica,1,1,1,1,1,1,1,1,1,3,1,1,6,6,1,1,1,6,3,4,4,4,5,5,3,3,1,1,1,1,1,1,1, ,Hombre,Doceavo semestre y superior,de 81 a 85,1,10,12,4
15/3/2019 13:07:15,Sistemas Computacionales,4,4,4,3,3,4,5,4,4,2,4,3,4,5,2,4,4,5,4,4,4,3,4,4,2,2,4,4,4,4,4,4,4, ,Mujer,Décimo semestre,de 91 a 95,2,13,10,6
15/3/2019 13:20:49,Gestión Empresarial,5,5,4,4,5,5,5,5,5,5,5,4,5,4,5,5,5,4,4,4,4,4,4,3,3,3,5,5,5,5,5,6,6, ,Mujer,Doceavo semestre y superior,de 81 a 85,2,7,12,4
15/3/2019 14:53:49,Administración,4,3,3,3,3,3,3,2,4,3,5,5,4,3,3,3,5,2,5,3,2,3,2,4,1,1,4,3,5,4,4,6,6, ,Mujer,Cuarto semestre,de 96 a 100,2,1,4,7
15/3/2019 22:02:47,Electrónica,4,4,3,3,3,3,4,3,3,5,5,5,5,5,5,5,5,5,4,3,3,2,3,4,2,2,4,4,3,4,4,5,4, ,Hombre,Onceavo semestre,de 81 a 85,1,6,11,4
16/3/2019 11:19:17,Bioquímica,4,3,6,4,5,2,3,4,4,6,6,6,6,6,6,6,4,6,6,6,6,6,3,6,4,4,5,4,5,6,4,4,6, ,Mujer,Sexto semestre,de 86 a 90,2,3,6,5
16/3/2019 13:07:19,Arquitectura, ,3,4,3,5,4,4,5,5,6,5,6,6,6,6,6,6,5,6,6,5,4,3,6,5,5,6,5,6,5,6,6,6, ,Hombre,Cuarto semestre,de 86 a 90,1,2,4,5
16/3/2019 13:24:39,Arquitectura,5,5,5,4,5,5,6,3,3,6,6,4,2,5,5,3,4,6,5,6,6,4,4,4,2,3,5,4,5,5,5,6,6, ,Mujer,Quinto semestre,de 86 a 90,2,2,5,5
16/3/2019 13:27:29,Arquitectura,3,2,2,1,1,1,2,2,4,3,3,4,4,1,4,2,5,5,5,1,2,3,1,1,1,2,2,4,3,4,5,2,3, ,Hombre,Noveno semestre,de 81 a 85,1,2,9,4
16/3/2019 13:56:32,Arquitectura,4,4,4,2,3,3,3,4,4,1,4,3,5,4,1,1,1,4,5,4,4,2,2,2,2,2,3,4,5,3,5,5,5, ,Hombre,Cuarto semestre,de 86 a 90,1,2,4,5
16/3/2019 13:58:35,Arquitectura,1,1,3,1,3,1,2,1,1,3,5,1,6,6,6,1,1,1,6,5,5,5,1,6,1,1,4,6,6,6,1,6,6, ,Hombre,Noveno semestre,de 91 a 95,1,2,9,6
16/3/2019 14:05:03,Arquitectura,4,4,5,5,3,4,5,4,3,4,5,5,5,6,4,6,4,6,6,5,2,4,4,5,3,3,4,3,5,5,4,6,5, ,Mujer,Cuarto semestre,de 81 a 85,2,2,4,4
16/3/2019 14:15:09,Arquitectura,5,4,5,5,4,4,3,5,4,6,6,5,5,3,6,6,5,6,6,6,5,5,5,4,5,4,5,4,5,5,5,5,5, ,Hombre,Segundo semestre,de 86 a 90,1,2,2,5
16/3/2019 14:50:48,Mecatrónica,4,3,3,2,3,3,3,3,3,4,2,4,5,2,5,5,5,4,4,3,3,3,3,3,1,1,4,1,1,1,1,5,4, ,Hombre,Séptimo semestre,de 96 a 100,1,11,7,7
17/3/2019 7:50:55,Arquitectura,3,3,2,1,2,2,2,1,2,6,4,5,6,5,6,5,5,5,6,1,3,1,1,1,1,1,2,2,1,1,2,6,5, ,Hombre,Segundo semestre,de 81 a 85,1,2,2,4
17/3/2019 14:16:57,Gestión Empresarial,4,4,4,4,4,4,4,4,4,4,4,4,4,4,4,4,5,4,4,4,4,4,1,1,1,1,4,4,4,4,4,6,5, ,Mujer,Séptimo semestre,de 86 a 90,2,7,7,5
17/3/2019 14:47:06,Electrónica,3,2,2,3,1,5,5,6,4,4,4,6,5,6,6,6,6,6,3,5,5,1,5,6,4,1,5,4,6,4,6,5,6, ,Hombre,Octavo semestre,de 81 a 85,1,6,8,4
17/3/2019 22:27:15,Bioquímica,5,4,5,5,5,5,4,5,5,6,6,4,1,4,4,4,4,5,4,4,4,4,4,5,3,3,5,5,5,5,5,6,6, ,Mujer,Octavo semestre,de 81 a 85,2,3,8,4
18/3/2019 10:27:32,Arquitectura,5,3,4,5,2,1,6,3,4,3,3,2,6,3,5,5,5,5,6,4,5,1,3,4,3,3,5,2,2,1,3,6,3, ,Hombre,Primer semestre,de 91 a 95,1,2,1,6
18/3/2019 17:10:33,Civil,5,5,3,5,5,5,3,5,5,4,5,5,5,5,5,5,6,5,2,3,3,2,2,4,4,1,5,5,5,5,6,6,6, ,Hombre,Octavo semestre,de 81 a 85,1,4,8,4
18/3/2019 19:22:36,Civil,4,1,1,3,1,1,1,1,1,1,6,6,6,6,6,6,6,6,6,1,3,1,3,1,1,1,3,2,6,4,4,6,6, ,Mujer,Décimo semestre,de 76 a 80,2,4,10,3
18/3/2019 21:09:11,Civil,4,4,4,4,3,3,2,3,3,5,5,5,5,5,6,5,5,5,1,3,2,1,1,3,1,1,4,4,4,4,3,5,5, ,Hombre,Octavo semestre,de 91 a 95,1,4,8,6
18/3/2019 23:27:05,Bioquímica,5,5,5,5,5,5,5,6,5,5,5,4,3,4,4,4,3,6,5,5,4,5,4,4,3,3,5,5,4,5,5,6, , ,Mujer,Octavo semestre,de 81 a 85,2,3,8,4
19/3/2019 9:02:57,Civil,4,3,4,4,3,3,6,3,4,5,5,4,3,3,5,5,5,5,6,3,2,2,2,3,1,1,4,4,5,5,4,6,4, ,Mujer,Décimo semestre,de 86 a 90,2,4,10,5
19/3/2019 9:24:06,Electrónica,4,4,5,4,5,5,5,4,5,5,5,5,5,6,4,4,5,4,5,5,4,4,4,4,4,4,5,4,5,5,4,5,4, ,Mujer,Doceavo semestre y superior,de 81 a 85,2,6,12,4
19/3/2019 9:24:21,Electrónica,5,5,5,5,5,5,5,5,5,5,5,5,5,5,5,5,5,5,5,5,4,5,5,4,4,4,5,5,5,5,5,6,5, ,Hombre,Octavo semestre,de 81 a 85,1,6,8,4
19/3/2019 9:27:15,Electrónica,6,6,6,6,6,6,6,6,6,6,6,6,6,6,6,6,6,6,6,6,3,6,1,6,1,1,6,6,6,6,6,6,6, ,Hombre,Doceavo semestre y superior,de 81 a 85,1,6,12,4
19/3/2019 9:31:17,Eléctrica,4,4,5,4,4,4,5,3,5,5,5,5,3,2,5,5,2,5,4,3,1,1,3,4,1,1,5,3,3,4,5,6,4, ,Hombre,Décimo semestre,de 86 a 90,1,5,10,5
19/3/2019 9:46:37,Eléctrica,5,4,4,3,2,3,3,4,4,5,5,5,5,5,5,4,6,6,6,5,4,4,5,5,4,4,6,5,4,5,5,6,4, ,Hombre,Octavo semestre,de 86 a 90,1,5,8,5
19/3/2019 10:22:12,Electrónica,5,4,5,5,5,3,4,4,4,5,4,5,4,5,5,5,4,5,4,4,3,2,3,2,3,3,2,3,2,3,3,2,3, ,Mujer,Sexto semestre,de 81 a 85,2,6,6,4
19/3/2019 14:32:19,Electrónica,5,4,5,3,4,4,6,5,5,6,6,6,5,6,5,5,5,6,6,5,4,5,4,6,4,5,5,5,5,5,5,6,3, ,Hombre,Doceavo semestre y superior,de 76 a 80,1,6,12,3
19/3/2019 16:57:30,Gestión Empresarial,6,5,4,4,3,5,4,4,5,5,5,5,4,5,6,5,4,5,5,3,4,2,3,3,3,4,5,5,5,6,5,5,5, ,Hombre,Cuarto semestre,de 91 a 95,1,7,4,6
19/3/2019 19:39:07,Mecatrónica,4, ,5,4,6,5,5,5,4,6,6,6,6,6,6,6,6,6,5,4,4,3,4,5,3,3,5,6,4,5,5,6,6, ,Hombre,Noveno semestre,de 81 a 85,1,11,9,4
19/3/2019 21:41:57,Electrónica,6,6,6,5,5,5,5,5,5,5,5,4,5,5,6,5,5,5,6,5,5,5,6,5,5,6,5,6,5,5,5,5,5, ,Hombre,Doceavo semestre y superior,de 81 a 85,1,6,12,4
20/3/2019 6:08:30,Bioquímica,3,1,6,2,2,2,2,4,6,6,6,6,6,6,1,6,6,6,6,6,4,6,1,5,6,6,6,6,6,6,5,6,5, ,Mujer,Noveno semestre,de 76 a 80,2,3,9,3
20/3/2019 15:40:25,Civil,3,2,5,5,4,4,2,1,1,4,3,3,5,5,3,3,3,2,2,2,2,2,2,2,2,2,1,1,2,2,1,1,3, ,Mujer,Noveno semestre,de 71 a 75,2,4,9,2
20/3/2019 17:34:33,Eléctrica,3,3,4,3,5,4,5,5,5,5,5,5,5,5,5,5,1,5,6,4,1,2,2,3,1,1,5,5,6,4,5,5,4, ,Hombre,Noveno semestre,de 86 a 90,1,5,9,5
20/3/2019 19:47:37,Electrónica,5,5,6,5,4,3,5,5,5,6,5,4,6,6,3,5,1,6,5,6,2,5,3,6,2,2,5,5,5,5,5,6,6, ,Hombre,Sexto semestre,de 81 a 85,1,6,6,4
20/3/2019 20:30:27,Arquitectura,6,5,4,4,5,5,4,5,5,6,6,6,6,6,6,6,6,6,6,6,5,4,5,5,4,4,5,4,6,4,6,6,6, ,Mujer,Primer semestre,de 71 a 75,2,2,1,2
20/3/2019 21:37:15,Civil,5,3,3,3,3,3,4,4,3,5,5,6,6,6,6,6,6,6,6,6,4,4,3,3,1,1,4,3,5,5,2,5,4, ,Mujer,Décimo semestre,de 81 a 85,2,4,10,4
21/3/2019 9:03:40,Arquitectura,3,3,2,2,3,3,3,2,3,4,4,3,5,5,4,3,4,3,3,3,4,4,3,2,2,2,4,3,2,3,4,3,3, ,Hombre,Décimo semestre,de 86 a 90,1,2,10,5
22/3/2019 22:58:51,Mecánica,4,5,4,3,4,4,4,5,5,5,5,4,4,3,3,3,3,4,4,5,5,3,4,3,1,1,5,2,3,4,4,5,5, ,Hombre,Noveno semestre,de 86 a 90,1,10,9,5
